id,artisanName,address,city,phone,email,website,category,region,county
1,Ford's Gourmet Foods,1109 Agriculture St Ste 1,Raleigh,919-833-7647,sales@bonesuckin.com,http://bonesuckin.com/,Condiments,Piedmont,Wake
2,Mackey's Ferry Peanuts,30871 US-64,Jamesville,888-637-6887,,https://www.mfpnuts.com,Snacks,Coastal Plains,Martin
3,Fisherman Creations,1175 Hwy 70 E Otway,Beaufort,252-729-0301,info@crabpottrees.com,https://crabpottrees.com/index.php,Art,Tidewater,Carteret
4,Cheesecakes by Alex,315 S Elm St,Greensboro,336-273-0970,alex@cheesecakesbyalex.com,http://www.cheesecakesbyalex.com/,Sweets,Piedmont,Guilford
5,"Mt. Olive Pickle Company, Inc.",PO Box 609,Mount Olive,800-672-5041,,https://www.mtolivepickles.com/,Snacks,Coastal Plains,Wayne
6,Videri Chocolate Factory,327 W Davie St,Raleigh,919-755-5053,,http://viderichocolatefactory.com/,Sweets,Piedmont,Wake
7,Annelore's German Bakery,,Morrisville,919-294-8040,Hello@AnneloresBakery.com,https://anneloresbakery.com/,Bakery,Piedmont,Wake
8,"AC's Yummy Jerky, LLC",1884 Old Wilkesboro Rd,Statesville,704-871-1771,,http://acyummybeefjerky.com/,Snacks,Piedmont,Iredell
9,Joe's Beef Jerky,122 Cashion Farm Rd,Statesville,704-528-4717,joe@joesbeefjerky.com,http://www.joesbeefjerky.com/,Snacks,Piedmont,Iredell
10,Uncle Zip's Beef Jerky,5457 Trade St,Hope Mills,910-423-7329,,http://www.unclezipsjerky.com/,Snacks,Coastal Plains,Cumberland
11,Exec Socks,,Raleigh,424-247-6257,contact@execsocks.com,https://execsocks.com/,Textiles,Piedmont,Wake
12,House of Swank,315 S Bloodworth St,Raleigh,919-413-7339,,http://www.houseofswankclothing.com/,Textiles,Piedmont,Wake
13,Lily Leaf Soaps,350 Creekview Dr,Kernersville,336-784-5396,,,Health & Beauty,Piedmont,Forsyth
14,Chad's Chai,732 N Trade St,Winston-Salem,336-293-4698,,https://chadschai.com/,Other Beverages,Piedmont,Forsyth
15,FarmGirl Arts,,,336-971-3834,farmgirlarts@gmail.com,http://farmgirlarts.com/,Art,Piedmont,Forsyth
16,Krankies,211 E 3rd St,Winston-Salem,336-722-3016,,https://www.krankiescoffee.com/,Coffee,Piedmont,Forsyth
17,Lavender and Honey Kitchen,,Winston-Salem,336-416-2658,,https://www.lavenderandhoneykitchen.com/,Bakery,Piedmont,Forsyth
18,Lil Sarah's Bee Farm,Holly Berry Ln,Tobaccoville,336-575-2341,,,Condiments,Piedmont,Forsyth
19,Niki's Pickles,"612 E Main St, Ste A",Pilot Mountain,336-480-8791,,,Snacks,Mountains,Surry
20,Sophisticated Florals by Stephanie,816 Burke St,Winston-Salem,,,https://www.sophisticatedfloralsbystephanie.com/,Flowers,Piedmont,Forsyth
21,UpDog Kombucha,,Winston-Salem,201-787-5421,,https://updogkombucha.com/,Other Beverages,Piedmont,Forsyth
22,Village Juice Co.,205-O S Stratford St,Winston-Salem,336-986-9402,villagejuice@gmail.com,https://www.villagejuicecompany.com/,Other Beverages,Piedmont,Forsyth
23,Furbaby Wear by Mz. Juicy,,Raleigh,919-395-5097,,,Pets,Piedmont,Wake
24,"Buffalo Creek Farm and Creamery, LLC",3241 Buffalo Creek Farm Rd,Germantown,336-969-5698,robin@buffalocreekfarmnc.com,http://buffalocreekfarmandcreamery.com/,Dairy,Piedmont,Forsyth
25,Allvecia Soap Company,,Raleigh,919-885-2797,allvecia@nc.rr.com,http://allveciasoap.com/,Health & Beauty,Piedmont,Wake
26,Bander Works,,Raleigh,,,,Art,Piedmont,Wake
27,Cold off the Press,416-100 W South St,Raleigh,984-444-9006,info@coldoffthepress.com,https://www.coldoffthepress.com/,Other Beverages,Piedmont,Wake
28,Crown Jules Clothing,,Raleigh,,julie@crownjulesclothing.com,http://crownjulesclothing.com/crownjules/Default.html,Textiles,Piedmont,Wake
29,Fork + Spoon Fresh Pasta,,Cary,317-408-6468,,,Bakery,Piedmont,Wake
30,Good Grace's Dog Treats,,Cary,919-816-7885,,https://www.goodgracestreats.com/,Pets,Piedmont,Wake
31,knish-a-licious,,Raleigh,919-473-6080,jamie@knish-a-licious.com,http://www.knish-a-licious.com/,Bakery,Piedmont,Wake
32,Lovegrass Kitchen,5305 Hilltop Needmore Rd,Fuquay-Varina,919-234-7541,info@lovegrasskitchen.com,https://www.lovegrasskitchen.com/,Snacks,Piedmont,Wake
33,Michael's English Muffins,3611 Spring Forest Rd Ste 114,Raleigh,919-615-0319,michaelsenglishmuffins@gmail.com,http://michaelsenglishmuffins.com/,Bakery,Piedmont,Wake
34,Melina's Fresh Pasta,2717 Chapel Hill Rd,Durham,919-403-3663,,http://www.melinaspasta.com/,Bakery,Piedmont,Durham
35,Oak City Coffee Roasters,615 W Hargett St,Raleigh,919-623-5223,oakcityroasters@gmail.com,https://oakcityroasters.com/,Coffee,Piedmont,Wake
36,Olive + Lou,,Raleigh,,help@oliveandlou.com,https://www.oliveandlou.com/,Textiles,Piedmont,Wake
37,Krispy Kreme,PO Box 83,Winston-Salem,800-457-4779,krispykreme@casupport.com,https://www.krispykreme.com,Sweets,Piedmont,Wake
38,Prodigal Farm,4720 Bahama Rd,Rougemont,919-477-5653,info@prodigalfarm.com,http://prodigalfarm.com/,Dairy,Piedmont,Durham
39,Stager's Roses,722 Manchester Dr,Raleigh,919-785-1756,,,Flowers,Piedmont,Wake
40,Le Bleu,3134 Cornatzer Rd,Advance,336-998-2894,,https://www.lebleu.com,Other Beverages,Piedmont,Davie
41,The Pleasant Bee,3126 Hillsborough St #1,Raleigh,919-696-3722,info@thepleasantbee.com,http://thepleasantbee.com/,Condiments,Piedmont,Wake
42,The Vintage Bee,,Raleigh,,thevintagebee@yahoo.com,,Jewelry,Piedmont,Wake
43,Carolina Beverage Corporation,1413 Jake Alexander Blvd S,Salisbury,704-637-5881,,https://www.cheerwine.com,Other Beverages,Piedmont,Rowan
44,Wicked and Woven,,Raleigh,,,https://www.wickedandwoven.com/,Home,Piedmont,Wake
45,Yellow Dog Bread Company,219 E Franklin St,Raleigh,984-232-0291,,,Bakery,Piedmont,Wake
46,Zulia Bakery,,Raleigh,919-459-7204,,http://www.zuliabakery.com/,Bakery,Piedmont,Wake
47,Carolina Goat Milk Soap,6301 Dry Fork Ln,Raleigh,919-741-9238,carolinagoatmilksoap@gmail.com,,Health & Beauty,Piedmont,Wake
48,Big Boss Brewing,1249 Wicker Dr,Raleigh,919-834-0045,info@bigbossbrewing.com,https://www.bigbossbrewing.com/,Beer,Piedmont,Wake
49,Botanist and Barrel,105 Persimmon Hill Ln,Cedar Grove,919-593-4715,botanistandbarrel@gmail.com,https://www.botanistandbarrel.com/,Wine,Piedmont,Orange
50,Cabarrus Brewing Company,329 McGill Ave NW,Concord,704-701-2140,steve@cabarrusbrewing.com,http://www.cabarrusbrewing.com/,Beer,Piedmont,Cabarrus
51,Carolina Brewing Company,140 Thomas Mill Rd,Holly Springs,919-557-2337,mark@carolinabrew.com,http://carolinabrew.com/,Beer,Piedmont,Wake
52,Bull City Ciderworks,599 S Railroad St,Lexington,336-749-3074,john.clowney@bullcityciderworks.com,http://www.bullcityciderworks.com/,Beer,Piedmont,Davidson
53,Fishing Creek Hard Cider,2535 Red Hill Church Rd,Whitakers,252-883-6891,fcciderco@gmail.com,http://fishingcreekcider.com/,Beer,Coastal Plains,Edgecombe
54,Foothills Brewing,3800 Kimwell Dr,Winston-Salem,336-354-4030,jamie@foothillsbrewing.com,http://www.foothillsbrewing.com/,Beer,Piedmont,Forsyth
55,Lonerider Brewing Company,8816 Gulf Ct Ste 100,Raleigh,919-423-5203,sumit@loneriderbeer.com,https://loneriderbeer.com/,Beer,Piedmont,Wake
56,Mill Whistle Brewing,1354 Lennoxville Rd,Beaufort,252-342-6929,tombackman@icloud.com,,Beer,Tidewater,Carteret
57,Mystery Brewing Company,437 Dimmocks Mill Rd Ste 41,Hillsborough,919-697-8379,erik@mysterybrewing.com,http://www.mysterybrewing.com/,Beer,Piedmont,Orange
58,Natty Greene's Brewing Co.,1918 W Lee St,Greensboro,336-856-6111,carlee@nattygreenes.com,http://www.nattygreenes.com/,Beer,Piedmont,Guilford
59,Railhouse Brewery,105 E South St,Aberdeen,919-830-9498,brian@railhousebrewery.com,https://www.railhousebrewery.com/,Beer,Piedmont,Moore
60,Raleigh Brewing Company,3709 Neil St,Raleigh,919-400-9086,ashley@raleighbrewingcompany.com,http://www.raleighbrewingcompany.com/,Beer,Piedmont,Wake
61,Regulator Brewing Company,421 St Mary's Rd,Hillsborough,421-308-9046,anna@regulatorbrewing.com,http://www.regulatorbrewing.com/,Beer,Piedmont,Orange
62,Top of the Hill Distillery,505-C W Franklin St,Chapel Hill,919-929-8676,scott@topodistillery.com,http://www.topodistillery.com/,Beer,Piedmont,Orange
63,Adams Vineyards,3390 John Adams Rd,Willow Spring,919-567-1010,marketing@adamsvineyards.com,https://www.adamsvineyards.com/,Wine,Piedmont,Wake
64,Ashevilla Wines,197 Kimberly Ave,Asheville,828-285-8957,george@ashevillawines.com,,Wine,Mountains,Buncombe
65,Bannerman Vineyard,2624 Stag Park Rd,Burgaw,910-259-5474,cbannerman@bellsouth.net,http://www.bannermanvineyard.com/,Wine,Tidewater,Pender
66,Belle Nicho Winery,526 Patton Valley Dr,Nebo,828-659-3168,bellenichowinery@hughes.net,http://www.bellenichowinery.com/,Wine,Mountains,McDowell
67,Benjamin Vineyards & Winery,6516 Whitney Rd,Graham,336-376-1080,benjaminwines@cs.com,http://www.benjaminvineyards.com/,Wine,Piedmont,Alamance
68,Cape Fear Vineyard & Winery,195 Vineyard Dr,Elizabethtown,844-846-3386,cfspresident@aol.com,https://www.capefearwinery.com/,Wine,Coastal Plains,Bladen
69,Cerminaro Vineyard,4399 Wilkesboro Rd,Boomer,828-754-9306,joe_cer@hotmail.com,http://www.cerminarovineyard.com/index.html,Wine,Mountains,Wilkes
70,Chatman Hill Winery,8245 Chapel Hill Rd,Cary,919-380-7135,marekw@chathamhillwine.com,http://www.chathamhillwine.com/,Wine,Piedmont,Wake
71,Chestnut Trail Vineyard,640 Cedar Grove Church Rd,Mocksville,336-655-4755,chestnuttrailvineyard@gmail.com,http://www.chestnuttrail.com/,Wine,Piedmont,Davie
72,Dennis Vineyards,24043 Endy Rd,Albemarle,704-982-6090,mail@dennisvineyards.com,http://dennisvineyards.com/,Wine,Mountains,Stanly
73,Chinqua Penn Vineyards,2138 Wentworth St,Reidsville,336-342-2198,cpwine@earthlink.net,,Wine,Piedmont,Rockingham
74,Desi's Dew Meadery,8902 Charlotte's Mtn Rd,Rougemont,919-732-2808,desidew@earthlink.net,,Beer,Piedmont,Durham
75,Duplin Winery,505 N Sycamore St,Rose Hill,800-774-9634,jennifer@duplinwinery.com,https://www.duplinwinery.com/,Wine,Coastal Plains,Duplin
76,Elkin Creek Vineyard,318 Elkin Creek Mill Rd,Elkin,336-526-5119,louis@elkincreek.com,https://www.elkincreekvineyard.com/,Wine,Mountains,Surry
77,Enoch Winery,3735 NC-50 S,Benson,919-201-0100,susan@enochengineers.com,,Wine,Coastal Plains,Johnston
78,Fair Game Beverage Company,220 Lorax Ln #15,Pittsboro,919-245-5434,chris@devilsdistillery.com,http://fairgamebeverage.com/,Spirits,Piedmont,Chatham
79,Gregory Vineyards,275 Bowling Spring Dr,Angier,919-894-7700,gregoryvineyards@gregoryvineyards.com,http://www.gregoryvineyards.com/,Wine,Coastal Plains,Harnett
80,Grove Winery & Vineyards,7360 Brooks Bridge Rd,Gibsonville,336-584-4060,info@grovewinery.com,http://www.grovewinery.com/,Wine,Piedmont,Alamance
81,Honeygirl Meadery,105 Hood St #6,Durham,919-399-3056,honeygirlmeadery@gmail.com,http://honeygirlmeadery.com/,Wine,Piedmont,Durham
82,Sanctuary Vineyards,7005 Caratoke Hwy,Jarvisburg,252-491-2387,john@sanctuaryvineyards.com,http://sanctuaryvineyards.com/,Wine,Tidewater,Currituck
83,Shadow Springs Vineyard,5543 Crater Rd,Hamptonville,336-468-5000,chuck@shadowspringsvineyard.com,https://www.shadowspringsvineyard.com/,Wine,Piedmont,Durham
84,Shelton Vineyards,286 Cabernet Ln,Dobson,336-366-4724,mpack@sheltonvineyards.com,https://sheltonvineyards.com/,Wine,Mountains,Surry
85,Mystic Farm & Distillery,1212 N Mineral Springs Rd,Durham,919-323-2777,blitz@barrierandbrewer.com,http://www.whatismystic.com/,Spirits,Piedmont,Durham
86,Boro Beverage,8400 Union Grove Church Rd,Chapel Hill,919-942-1110,carlyeerickson@gmail.com,,Other Beverages,Piedmont,Orange
87,Broad Branch Distillery,756 N Trade St,Winston-Salem,336-602-2824,donbroadbranch@gmail.com,http://broadbranchdistillery.com/,Spirits,Piedmont,Forsyth
88,Broadslab Distillery,4870 NC Hwy-50 S,Benson,919-291-0691,broadslabdistillery@gmail.com,http://www.broadslabdistillery.com/,Spirits,Piedmont,Johnston
89,Call Family Distillers,1611 Industrial Dr,Wilkesboro,336-262-4128,callfamilydistillers@gmail.com,http://www.callfamilydistillers.com/,Spirits,Mountains,Wilkes
90,Carolina Distillery,1001 West Ave NW,Lenoir,828-499-3095,carolinacraftspirits1@gmail.com,,Spirits,Mountains,Caldwell
91,Copper Barrel Distillery,508 Main St,North Wilkesboro,336-262-6500,info@copperbarrel.com,https://copperbarrel.com/,Spirits,Mountains,Wilkes
92,Covington Spirits,3647 Edgemont Dr,Raleigh,415-728-6953,info@covingtonvodka.com,http://www.covingtonvodka.com/,Spirits,Piedmont,Wake
93,Crude Bitters and Sodas,517 W Cabbarus St,Raleigh,919-391-8185,craig@crudebitters.com,https://www.crudebitters.com/,Spirits,Piedmont,Wake
94,Durham Distillery,711 Washington St,Durham,919-937-2121,melissa@durhamdistillery.com,https://durhamdistillery.com/,Spirits,Piedmont,Durham
95,Elevated Mountain Distilling Company,3732 Soco Rd,Maggie Valley,828-944-0766,dangel@elevatedmountain.com,http://www.elevatedmountain.com/,Spirits,Mountains,Haywood
96,Fainting Goat Spirits,321 W Wendover Ave,Greensboro,336-273-6221,shelley@kneadedenergy.com,http://faintinggoatspirits.com/,Spirits,Piedmont,Guilford
97,H&H Distillery,204 Charlotte Hwy Ste D,Asheville,828-338-9779,raeanna@hhdistillery.com,https://www.hhdistillery.com/,Spirits,Mountains,Buncombe
98,Howling Moon Distillery,42 Old Elk Mtn Rd,Asheville,828-208-1469,cody@howlingmoonshine.com,https://www.howlingmoonshine.com/,Spirits,Mountains,Buncombe
99,Lassiter Distilling Company,319 N First Ave,Knightdale,919-295-0111,gentry@lassiterdistilling.com,https://www.lassiterdistilling.com/,Spirits,Piedmont,Wake
100,Mayberry Spirits,461 N South St,Mount Airy,336-719-6860,vann@mayberryspirits.com,http://www.mayberryspirits.com/,Spirits,Mountains,Surry
101,Muddy River Distillery,1500 River Dr Ste 100,Belmont,704-80-8389,muddyriverdistillery@gmail.com,http://www.muddyriverdistillery.com/,Spirits,Piedmont,Gaston
102,Oaklee Distilling Co.,3931 Wendell Blvd,Wendell,919-602-0881,oakleedistilling@gmail.com,http://www.oakleedistilling.com/,Spirits,Piedmont,Wake
103,Outer Banks Distilling,510 Budleigh St,Manteo,252-423-3011,scott@outerbanksdistilling.com,http://outerbanksdistilling.com/,Spirits,Tidewater,Dare
104,Alimentaire Wholesome Breads,194 Glendale Dr,Youngsville,919-671-2383,steve@alimentairebakery.com,http://www.alimentairebakery.com/,Bakery,Piedmont,Franklin
105,"Annie's Bakery, Inc.",128 Bingham Rd,Asheville,828-505-8350,teri@anniesbread.com,,Bakery,Mountains,Buncombe
106,Atkinson Milling Co.,95 Atkinson Mill Rd,Selma,919-965-3547,info@atkinsonmilling.com,http://atkinsonmilling.com/,Bakery,Coastal Plains,Johnston
107,Box Turtle Bakery,121 Circadian Way,Chapel Hill,919-357-6034,abraham@boxturtlebakery.com,https://www.boxturtlebakery.com/index.html,Bakery,Piedmont,Orange
108,Cardais Gourmet,158 Fairfiled Rd,Mount Gilead,910-439-5008,wendy@cardaisgourmet.com,,Sweets,Piedmont,Montgomery
109,Bama Boy Beef Jerky,5691 Beaver Creek Rd,New Hill,919-349-5139,bamaboybeefjerky@gmail.com,,Snacks,Piedmont,Chatham
110,Birdbrain Ostrich Ranch,6691 Little Mountain Rd,Sherrills Ford,704-634-2915,bor@charter.net,,Meat,Piedmont,Catawba
111,Hawaiian Dave's Tropical Treats,607 Ellis Rd #56,Durham,919-698-8832,dave@hawaiiandaves.com,http://www.hawaiiandaves.com/,Snacks,Piedmont,Durham
112,Two Brother's Jerky,150 Oakland Ave,Durham,828-243-7332,paul@brockmeece.com,https://www.twobrothersjerky.com/,Snacks,Piedmont,Durham
113,Anders Natural Soap Co,1943 Evans Rd,Cary,919-233-0905,anderssoap1@earthlink.net,http://www.andersnaturalsoap.com/,Health & Beauty,Piedmont,Wake
114,4 Fosters Candle Company,365 Marlowe Dr,Youngsville,919-810-7735,4fosterscandles@gmail.com,https://4fosterscandleco.com/,Home,Piedmont,Franklin
115,Kerr Lake Candles,12 Vine St,Franklinton,919-702-4814,info@kerrlakecandles.com,https://kerrlakecandles.com/,Home,Piedmont,Franklin
116,Miss Debbie's Speciality Apples,166 Josie Dr,Benson,919-464-1502,specialtyapples@aol.com,https://www.specialtyapples.com/,Sweets,Coastal Plains,Johnston
117,Pink Lady Designs,8509 Babble Ln,Raleigh,919-271-0616,pldcandles@gmail.com,http://www.pldcandles.com/,Home,Piedmont,Wake
118,The Strawberry Patch,677 N NC Hwy 11,Pink Hill,252-568-3739,smithhd711@hotmail.com,,Flowers,Coastal Plains,Duplin
119,Moondance Soaps & More,6013 Old Horseman Trl,Raleigh,919-870-8063,rachel@moondancesoaps.com,http://www.moondancesoaps.com/,Health & Beauty,Piedmont,Wake
120,Four Legs Barking,2011 Shannon Dr,Sanford,949-244-0383,kate@fourlegsbarking.com,https://fourlegsbarking.com/,Pets,Piedmont,Lee
121,Warhorse Solutions,2212 Bill Collins Rd,Columbus,828-817-0350,tawana@warhorsesolutions.com,https://www.warhorsesolutions.com/,Home,Mountains,Polk
122,Happy Hills Alpaca Farm,708 Winding Brook Rd,Monroe,802-683-7433,happyhillsalpaca@gmail.com,http://www.happyhillsalpacafarm.com/index.html,Textiles,Piedmont,Union
123,Herbabless,2016 Chalk Rd,Wake Forest,631-334-9800,herbabless@hotmail.com,http://herbabless.com/,Health & Beauty,Piedmont,Wake
124,Yellow Branch Farm & Pottery,136 Yellow Branch Cir,Robbinsville,828-479-6710,mail@yellowbranch.com,http://www.yellowbranch.com/,Pottery,Mountains,Graham
125,All Good Naturals,740 SE Greenville Blvd Ste 400,Greenville,252-695-5443,islandtimehotsauce@gmail.com,https://www.islandtimesauce.com/,Condiments,Coastal Plains,Pitt
126,5th Sun Specialties,1465 Sand Hill Rd Ste 1010,Candler,88-901-4432,sales@5thsunspecialties.com,,Specialty Foods,Mountains,Buncombe
127,Aut Sis' Salsa,102 Good Hope Dr,Walnut Cove,336-413-5777,tinbeater@centurylink.net,,Condiments,Piedmont,Stokes
128,B&B Salsa,6524 Fairway Point Dr,Charlotte,704-904-0143,frankbeatty@carolina.rr.com,,Condiments,Piedmont,Mecklenburg
129,Big Ed's,4358 Old Walkertown Rd,Winston-Salem,336-767-2211,bbqqueen@triad.rr.com,,Condiments,Piedmont,Forsyth
130,"Cackalacky, Inc.",PO Box 4901,Chapel Hill,,page@cackalacky.com,https://www.cackalacky.com/,Condiments,Piedmont,Orange
131,Flash Point Sauces,7901 Bonaventure Dr,Wilmington,910-795-4800,chad@fpsauces.com,http://www.flashpointsauces.com/,Condiments,Tidewater,New Hanover
132,Farm 430,430 Hoover Rd,Troutman,704-491-5415,alison@farm430.com,http://www.farm430.com/,Produce,Piedmont,Iredell
133,CCK Salsa,918 Shellbrook Ct #7,Raleigh,919-601-1929,ccksalsa@yahoo.com,,Condiments,Piedmont,Wake
134,350 Cheese Straws,110 Ann St,Beaufort,252-728-3735,info@350cheesestraw.com,https://www.350cheesestraw.com,Snacks,Tidewater,Carteret
135,Anna's Gourmet Goodies,14460 New Fals of Neuse Rd,Raleigh,919-570-2035,info@annasgourmetgoodies.com,https://www.annasgourmetgoodies.com,Sweets,Piedmont,Wake
136,Apple Baking Company,380 Apple Rd,Salisbury,704-637-6800,jeff@applebaking.com,https://www.applebaking.com,Sweets,Piedmont,Rowan
137,Forever Sweets Bakery,94 Jonquil Ln,Willow Spring,919-639-2580,donnieeh@aol.com,,Bakery,Coastal Plains,Johnston
138,Homecoming Pound Cakes,904 Irving Ave,Eden,336-432-7400,geaves@capellauniversity.edu,http://www.homecomingpoundcakes.webs.com,Sweets,Piedmont,Rockingham
139,Joan's Sourdough Bread,3705 Chetola Dr,Lenoir,828-757-9080,sourdoughlady@bellsouth.net,https://www.sourdoughlady.com,Bakery,Mountains,Caldwell
140,Kalo Foods,119 Carlton Park Dr,Stokesdale,336-949-4802,mcusato@kalofoods.com,https://www.kalofoods.com,Gluten-Free,Piedmont,Rockingham
141,Justus Orchard,187 Garren Rd,Hendersonville,828-685-8033,mdjustus@yahoo.com,https://www.justusorchard.com,Bakery,Mountains,Henderson
142,Mimi's Mountain Mixes,27 Capri Ln #15,Hendersonville,937-380-5600,info@mimismountainmixes.com,https://mimismountainmixes.com/,Bakery,Mountains,Henderson
143,Miss Angels Heavenly Pies,153 N Main St,Mount Airy,336-786-1537,purdieladies143@aol.com,https://www.missangelsheavenlypiesinc.com,Sweets,Mountains,Surry
144,Pamlico Pecans & Custom Shelling,1572 Burbage Rd,Bath,252-945-8906,garyburbage@gotricounty.com,,Snacks,Tidewater,Beaufort
145,Royal Cheesecake & Varieties,902 Fayetteville St Ste 203,Durham,919-670-8766,rcv@rcvcakes.com,https://www.rcvcakes.com,Sweets,Piedmont,Durham
146,Chocolate Smiles,312 W Chatham St,Cary,919-469-5282,mail@chocolatesmilesshop.com,https://www.chocolatesmilesshop.com,Sweets,Piedmont,Wake
147,Goodness Gracie Inc.,,Wilmington,910-815-0202,gracie@goodnessgracie.com,https://www.goodnessgracie.com,Snacks,Tidewater,New Hanover
148,Holm-Made Cookies,4313 Forest Dr,Holly Springs,919-357-2439,loni@holmmadecookies.com,,Bakery,Piedmont,Wake
149,Immaculate Baking Company,PO Box 299,Flat Rock,828-696-1655,info@immaculatebaking.com,https://www.immaculatebaking.com,Sweets,Mountains,Henderson
150,Karen & Nancy Homemade Goodies,210 Surrey Path Ct,Winston-Salem,336-251-9690,karenandnancy@aol.com,,Snacks,Piedmont,Forsyth
151,Local Cookie,111 Woods Walk Ct,Carrboro,415-297-4529,info@localcookie.net,,Sweets,Piedmont,Orange
152,Lorelines,152 Pine Rd,Hurdle Mills,336-330-0103,jennifer@ncpraline.com,,Sweets,Piedmont,Person
153,Mrs. Hanes Moravian Cookies,4643 Friedberg Church Rd,Clemmons,888-764-1402,hanes@hanescookies.com,https://www.hanescookies.com,Sweets,Piedmont,Davidson
154,B & G Pie Company,895 Northwest Blvd,Winston-Salem,336-345-7147,,,Sweets,Piedmont,Forsyth
155,Sugar Island Bakery & Supplies,206 N Topsail Dr,Surf City,910-254-1110,sugarislandnc@gmail.com,https://www.sugarislandnc.com,Bakery,Tidewater,Pender
156,Dolci Di Maria,410 Eastside Dr Unit 410,Black Mountain,828-669-8787,mary@dolcidimaria.com,https://www.dolcidimaria.com,Sweets,Mountains,Buncombe
157,Double M Bake Shop,302 Riggsbee Farm Dr,Cary,919-481-4613,mcmoyer58@gmail.com,https://www.doublembakeshop.com,Bakery,Piedmont,Wake
158,Aunt Ruby's Peanuts,200 Halifax St,Enfield,252-445-3131,info@aunrubyspeanuts.com,https://www.auntrubyspeanuts.com,Snacks,Coastal Plains,Halifax
159,Bakers' Southern Traditions,101 Baker Rd,Roxobel,252-344-2352,dannib@gate811.net,https://www.bakerspeanuts.com,Snacks,Coastal Plains,Bertie
160,Berry Towne Crafts,400 Old Smithfield Rd,Goldsboro,919-581-4551,charles.spiron@dhhs.nc.gov,https://www.berrytowncrafts.com,Health & Beauty,Coastal Plains,Wayne
161,Bertie County Peanuts,217 US 13N,Windsor,252-794-2909,peanuts@eastcarolina.com,https://www.pnuts.net,Snacks,Coastal Plains,Bertie
162,J & S Candies,,Fayetteville,910-491-2424,y3johnson@earthlink.net,https://www.jandscandies.etsy.com,Sweets,Coastal Plains,Cumberland
163,Five Points Baking Company,PO Box 17355,Raleigh,919-349-2033,hello@fivepointsbakingco.com,https://www.fivepointsbakingco.com,Bakery,Piedmont,Wake
164,Huntington Kitchen,3344 Harden Rd,Raleigh,919-422-4248,jen@huntingtonkitchen.com,https://www.huntingtonkitchen.com,Snacks,Piedmont,Wake
165,Münki Food Company,12 Beaver Point Park,Asheville,828-318-3732,evolve@munkifoodcompany.com,https://www.munkifoodcompany.com,Snacks,Mountains,Buncombe
166,Big Boss Baking,114 St Andrews Dr,High Point,336-345-1161,lavinia@bigbossbaking.com,https://www.bigbossbaking.com,Bakery,Piedmont,Davidson
167,Modern Muffin,5931 Marsailles Ct,Charlotte,704-542-8369,claire@modernmuffin.com,https://www.modernmuffin.com,Bakery,Piedmont,Mecklenburg
168,Nature's Kandy,12 Village East Ct,Asheville,954-655-3133,natureskandy1@gmail.com,,Sweets,Mountains,Buncombe
169,Butterfields,2155 S Old Franklin Rd,Nashville,252-459-2577,dena@butterfieldscandies.com,https://www.butterfieldscandies.com,Sweets,Coastal Plains,Nash
170,Heritage Farms Cheshire Pork,145 Arrington Bridge Rd,Goldsboro,888-983-2494,info@cheshirepork.com,https://www.heritagefarmsgeneralstore.com,Meat,Coastal Plains,Wayne
171,Whispering Dove Ranch & Apiary,689 Harris Creek Rd,Jacksonville,910-455-7123,info@whisperingdoveranch.com,https://www.whisperingdoveranch.com,Dairy,Tidewater,Onslow
172,Num Num Sauce,1301K Odyssey Dr,Durham,919-610-2551,mlloyd@numnumsaunce.com,https://www.numnumsauce.com,Condiments,Piedmont,Durham
173,Apex Food Company,1821 Grande Maison Dr,Apex,919-800-8011,saan@apexfoodcompany.com,https://www.apexfoodcompany.com,Condiments,Piedmont,Wake
174,Bare Foods Inc,774 Buckland Dr,Fayetteville,910-494-7884,dicarroll@aol.com,https://www.barefoodsinc.net,Condiments,Coastal Plains,Cumberland
175,Berry Brothers,9660-138 Falls of Neuse Rd #228,Raleigh,919-946-9780,adam@berrybrothersnc.com,https://www.berrybrothersbbq.com,Condiments,Piedmont,Wake
176,"Carolina Treet, Inc",PO Box 1017,Wilmington,800-616-6344,lking@carolinatreet.com,https://www.carolinatreet.com,Condiments,Tidewater,New Hanover
177,Round Mountain Creamery,2203 Old Ford Rd,Black Mountain,828-669-0718,las@rmcreamery.com,https://www.roundmountaincreamery.com,Dairy,Mountains,Buncombe
178,Cottage Lane Kitchen,PO Box 592,Chapel Hill,,info@cottagelanekitchen.com,https://www.cottagelanekitchen.com,Condiments,Piedmont,Orange
179,Catamount Honey,PO Box 2530,Cullowhee,828-293-3142,al.mcneely@gmail.com,,Condiments,Mountains,Jackson
180,Bailey Farms,PO Box 99471,Raleigh,919-424-1866 x703,jed@bigandfine.com,https://www.theshizzlesauce.com,Condiments,Piedmont,Wake
181,Gamms,212 Rivermade Dr,Archdale,,xraysherri7474@gmail.com,https://www.cookingwithgamms.com,Condiments,Piedmont,Randolph
182,L & E Associates,PO Box 4239,Archdale,336-870-0030,eric-henderson@triad.rr.com,https://www.bigdaddycooks.com,Condiments,Piedmont,Randolph
183,Masonboro Marinade,PO Box 3693,Wilmington,910-297-1405,info@masonboromarinade.com,,Condiments,Tidewater,New Hanover
184,Cannizzaro Famiglisa,5226 Seacroft Rd,Charlotte,704-968-2734,melaniecannizzaro@hotmail.com,https://www.cannizzarofamiglia.com,Condiments,Piedmont,Mecklenburg
185,Garland Truffles,3020 Ode Turner Rd,Hillsborough,919-536-9933,betty@garlandtruffles.com,https://www.garlandtruffles.com,Specialty Foods,Piedmont,Orange
186,"Harvest Time Foods, Inc.",3857 Emma Cannon Rd,Ayden,252-746-6675,impressions10@earthlink.net,https://www.annesdumplings.com,Specialty Foods,Coastal Plains,Pitt
187,Billy Bub's,6132 Wolverhampton Dr,Raleigh,919-796-1840,bbullard33@nc.rr.com,https://www.billybubs.com,Condiments,Piedmont,Wake
188,Durn Good,PO Box 1193,Wake Forest,704-975-6929,djhoch@durngood.com,https://www.durngood.com,Condiments,Piedmont,Wake
189,Good Rub,,Morrisville,919-371-0329,distribution@good-rub.com,https://www.good-rub.com,Condiments,Piedmont,Wake
190,Gentlewoods Food,PO BoX 1863,Cary,919-460-1222,office@gentlewoodsfood.com,https://www.jimsownsauce.com,Condiments,Piedmont,Wake
191,Carolina Shores Natural Soap,208 N New River Dr,Surf City,910-508-6590,carolinashoresnaturalsoap@gmail.com,https://www.carolinashoresnaturalsoap.com,Health & Beauty,Tidewater,Pender
192,Cuddle Corn,1707 Windsor Rd,Kinston,252-522-5293,info@cuddlecorn.com,https://www.cuddlecorn.com,Home,Coastal Plains,Lenoir
193,Dancing Bees Farm,5903 WM Griffin Rd,Monroe,704-661-5750,thedancingbees@yahoo.com,,Health & Beauty,Piedmont,Union
194,Heavenscent Organics,540 Old Sanders Rd,Smithfield,919-322-9354,healthforeternity@gmail.com,https://www.hs-organics.com,Health & Beauty,Coastal Plains,Johnston
195,NC Ginseng & Goldenseal Co,300 Indigo Bunting Ln,Marshall,828-649-3536,robert@ncgoldenseal.com,https://www.ncgoldenseal.com,Health & Beauty,Mountains,Madison
196,Oh WoW,,Apex,919-387-7300,contactus@ohwowforlips.com,https://www.ohwowforlips.com,Health & Beauty,Piedmont,Wake
197,Mindful Supply,,Greensboro,,,https://www.mindfulsupply.com,Textiles,Piedmont,Guilford
198,Echoview Fiber Mill,76 Jupiter Rd,Weaverville,828-348-4863,dkepley@echoviewnc.com,https://www.echoviewnc.com,Textiles,Mountains,Buncombe
199,Pass the Gravy,PO Box 1853,Raleigh,919-455-5895,hello@passthegravy.com,https://www.passthegravy.com,Textiles,Piedmont,Wake
200,Rita Dee Farms,3160 MacBrandon Ln,Pfafftown,336-682-4571,ritadee@rdfarms.com,https://www.ritadeealpacas.com,Textiles,Piedmont,Forsyth
201,Alpacadabra,125 Rock Lane Dr,Dobson,336-429-0124,vthompson003@triad.rr.com,http://www.alpaca-dabra.com/,Textiles,Mountains,Surry
202,Blazin' Buddy,1517 S Brightleaf Blvd,Smithfield,919-631-7322,blazinbuddy1@gmail.com,https://www.blazinbuddy.com,Home,Coastal Plains,Johnston
203,Apple Mill,1345 Ozone Dr,Saluda,828-749-9136,applemill@tds.net,https://www.ncapplemill.com,Condiments,Mountains,Polk
204,Heirloom Innovations by Ted Jay,1258 Woodland Church Rd,Wake Forest,919-529-9576,jay_ted@hotmail.com,,Home,Piedmont,Wake
205,NC Wood Toys,5025 Morning Edge Dr,Raleigh,919-819-8519,ncwoodtoys@gmail.com,https://www.ncwoodtoys.com,Novelty,Piedmont,Wake
206,Johnston & Gentithes Art Pottery,741 Fork Creek Mill Rd,Seagrove,336-873-9176,idigclay@embarqmail.com,http://www.johnstonandgentithes.com/,Pottery,Piedmont,Randolph
207,Keith Martindale Pottery,4296 Busbee Rd,Seagrove,910-464-3772,keithmartindalepottery@yahoo.com,http://www.keithmartindalepottery.com/,Pottery,Piedmont,Randolph
208,From the Ground Up,172 Crestwood Rd,Robbins,910-464-6228,manhanpots@rtmc.net,http://www.fromthegrounduppots.com/,Pottery,Piedmont,Moore
209,Jeff Brown Pottery,505 E Main St,Seagrove,336-873-1001,jeff@jeffbrownpottery.com,http://jeffbrownpottery.com/,Pottery,Piedmont,Randolph
210,Kings Pottery,4905 Reeder Rd,Asheboro,336-381-3090,kingspottery@atomic.net,http://www.kingspottery.net/,Pottery,Piedmont,Randolph
211,Old Gap Pottery,944 NC Hwy 705,Seagrove,336-265-6476,oldgappottery@gmail.com,,Pottery,Piedmont,Randolph
212,David Stuempfle Pottery,1224 Dover Church Rd,Seagrove,910-464-2689,david@stuempflepottery.com,http://www.stuempflepottery.com,Pottery,Piedmont,Randolph
213,Chrisco Pottery,1360 S Hwy 705,Seagrove,336-879-5272,,,Pottery,Piedmont,Moore
214,Cagle Road Pottery,603 Cagle Rd,Seagrove,336-879-2802,caglerdpottery@yahoo.com,http://www.caglerdpottery.com/,Pottery,Piedmont,Randolph
215,Great White Oak Gallery,437 N Broad St,Seagrove,336-465-6584,redhare@rtmc.net,,Pottery,Piedmont,Randolph
216,Cady Clay Works,3883 Busbee Rd,Seagrove,910-464-5661,cadyclayworks@yahoo.com,http://www.cadyclayworks.com/,Pottery,Piedmont,Randolph
217,Bulldog Pottery,3306 US Hwy 220 Alt,Seagrove,336-302-3469,bulldog@bulldogpottery.com,http://www.bulldogpottery.com/,Pottery,Piedmont,Randolph
218,Crystal King Pottery,2475 Hwy 705,Seagrove,336-879-6990,crystalking@triad.rr.com,http://crystalkingpottery.studio/,Pottery,Piedmont,Randolph
219,Seagrove Stoneware,136 W Main St,Seagrove,336-707-9124,artists@seagrovestoneware.com,http://www.seagrovestoneware.com/,Pottery,Piedmont,Randolph
220,Wyndham & Brooke Haven Pottery,209 E Main St,Seagrove,336-873-7254,wynpotter@embarqmail.com,,Pottery,Piedmont,Randolph
221,Pottery by Frank Neef,258 E Main St,Seagrove,336-872-4013,potterybyfrank@hotmail.com,https://potterybyfrankneef.com/,Pottery,Piedmont,Randolph
222,O'Quinn Pottery,4456 Busbee Rd,Seagrove,910-464-5125,,,Pottery,Piedmont,Randolph
223,Latham's Pottery,7297 US Hwy 220 Alt,Asheboro,336-873-7303,lathamspottery@embarqmail.com,http://www.lathamspottery.com/,Pottery,Piedmont,Randolph
224,JLK Jewelry,330 Jugtown Rd,Seagrove,910-464-2653,jennie@jlkjewelry.com,https://www.jlkjewelry.com/,Jewelry,Piedmont,Randolph
225,Seagrove Art Pottery,402 E Main St,Seagrove,407-349-1554,seagroveartpottery@gmail.com,http://www.seagroveartpottery.com/,Pottery,Piedmont,Randolph
226,Turn and Burn,124 East Ave,Seagrove,336-873-7381,dbgarneri@embarqmail.com,http://www.turnandburnpottery.com/,Pottery,Piedmont,Randolph
227,Windsong Pottery,6109 Brantly Gordon Rd,Denton,336-857-2485,windsongpottery@yahoo.com,https://windsongpottery.weebly.com/,Pottery,Piedmont,Davidson
228,Thomas Pottery,1295 S NC Hwy 705,Seagrove,336-879-4145,scottandbobbie@thomaspottery.com,https://www.thomaspottery.com/,Pottery,Piedmont,Randolph
229,Ray Pottery,249 E Main St,Seagrove,336-879-6707,raypottery@gmail.com,http://raypottery.com/,Pottery,Piedmont,Randolph
230,Pottery Junction,413 E Main St,Seagrove,336-873-9266,potteryjunction@ymail.com,,Pottery,Piedmont,Randolph
231,Ben Owen Pottery Inc,105 Bens Pl,Seagrove,336-879-2262,info@benowenpottery.com,http://benowenpottery.com/,Pottery,Piedmont,Randolph
232,DirtWorks Pottery,1226 NC Hwy 705,Seagrove,336-873-8979,dirtworkspottery@centurylink.net,,Pottery,Piedmont,Randolph
233,Studio Touya,4911 Busbee Rd,Seagrove,,studiotouya@gmail.com,http://www.studiotouya.com/,Pottery,Piedmont,Randolph
234,Jugtown Pottery,330 Jugtown Rd,Seagrove,910-464-3266,jugtown@mindspring.com,https://www.jugtownware.com/,Pottery,Piedmont,Randolph
235,Smith Pottery,743 S NC Hwy,Seagrove,336-879-1174,smithpottery@rtmc.net,http://www.smithpotterync.com/,Pottery,Piedmont,Randolph
236,Donna's Pottery Haven,3432 Brower Mill Rd,Seagrove,336-879-4776,hertzog63@gmail.com,,Pottery,Piedmont,Randolph
237,Rockhouse Pottery,1792 S NC Hwy 705,Seagrove,336-879-2053,tcpoole@hotmail.com,,Pottery,Piedmont,Randolph
238,Lufkin Pottery,123 South St,Seagrove,336-873-8764,lufkinpottery@yahoo.com,,Pottery,Piedmont,Randolph
239,BlueStone Pottery,2215 Fork Creek Mill Rd,Seagrove,336-879-2615,audreyvalone@bellsouth.net,,Pottery,Piedmont,Randolph
240,Dean and Martin Pottery,7739 Nathan Lane,Seagrove,339-879-0683,nikkimartin72@gmail.com,http://deanandmartinpottery.com/,Pottery,Piedmont,Randolph
241,Humble Mill Pottery,121 N Broad St,Seagrove,336-509-1509,cwooten@nc.net,http://www.humblemillpottery.com/,Pottery,Piedmont,Randolph
242,Triangle Pastry Co,417 Kildaire Farm Rd,Cary,,hello@trianglepastry.com,https://www.trianglepastry.com,Sweets,Piedmont,Wake
243,2 Bros and a Bard,,Apex,919-335-5229,2brosandabard@gmail.com,https://www.etsy.com/shop/2brosandabard,Jewelry,Piedmont,Wake
244,Bethesda Roasting Company,,Raleigh,919-423-3772,lance@bethesdacoffee.com,https://www.bethesdacoffee.com,Coffee,Piedmont,Wake
245,Great Paws of Fire,,,609-975-3705,,,Pets,Piedmont,Wake
246,Heaven Scent Honey,PO Box 99107,Raleigh,,,https://www.heavenscenthoney.com,Condiments,Piedmont,Wake
247,NC Soap Opera Company,,,919-605-2254,ncsoapoperacompany@gmail.com,https://www.ncsoapopera.com,Health & Beauty,Piedmont,Wake
248,Mo'Wax Mo'Wix,,Cary,,info@mwmwcandles.com,https://www.mwmwcandles.com,Home,Piedmont,Wake
249,Silver Blush Jewelry,,Cary,866-827-9891,info@silverblushjewelry.com,https://www.silverblushjewelry.com,Jewelry,Piedmont,Wake
250,Sweet Peak,,Apex,,,https://www.sweetpeaknc.com,Bakery,Piedmont,Wake
251,Woodstock Soaps,,Cary,919-357-8049,woodstocksoaps@gmail.com,,Health & Beauty,Piedmont,Wake
252,Young Pottery,,Cary,919-641-1532,youngleem48@yahoo.com,http://youngleem48pottery.blogspot.com/,Pottery,Piedmont,Wake
253,Zulia Bakery,,Raleigh,919-459-7204,,,Bakery,Piedmont,Wake
254,Planetary Elixirs,1147 Falls Rd Ste 157,Rocky Mount,252-256-8048,,https://www.planetaryelixirs.com,Other Beverages,Coastal Plains,Nash
255,Just a Little Spice,,Apex,855-655-6646,,https://www.justalittlespice.com,Condiments,Piedmont,Wake
256,Killer Toffee,107 Chariot Ct,Cary,919-319-9154,diane@killertoffee.com,https://www.killertoffee.com,Sweets,Piedmont,Wake
257,Natural Choice,,Apex,,naturalchoicellc@gmail.com,,Condiments,Piedmont,Wake
258,Natural Soap Cauldron,,Pittsboro,919-271-0866,info@naturalsoapcauldron.com,https://www.naturalsoapcauldron.com,Health & Beauty,Piedmont,Chatham
259,Chilean Charm,,Raleigh,919-348-0861,ivania@chilean-charm.com,https://www.chilean-charm.com,Jewelry,Piedmont,Wake
260,Little Redd Sled,,Holly Springs,919-610-2760,littlereddsled@gmail.com,https://www.littlereddsled.com,Home,Piedmont,Wake
261,Cake Kernels,,Raleigh,919-374-0389,info@cakekernels.com,https://cakekernels.com,Snacks,Piedmont,Wake
262,Five Star Coffee Roasters,108 Thomas Mill Rd Ste 101,Holly Springs,919-671-0645,,https://www.fivestarroasters.com,Coffee,Piedmont,Wake
263,Gold Star Pasta,,Holly Springs,516-476-2165,,,Specialty Foods,Piedmont,Wake
264,Neomega Nutritionals,150 Wrenn Dr #973,Cary,800-717-1645,info@neomega3.com,https://www.neomega3.com,Health & Beauty,Piedmont,Wake
265,Paradox Farm Creamery,,West End,,paradoxfarmcreamery@gmail.com,https://www.paradoxfarmcreamery.com,Dairy,Piedmont,Moore
266,La Farm Bakery,4248 NW Cary Parkway,Cary,949-657-0657,,https://www.lafarmbakery.com,Bakery,Piedmont,Wake
267,Slice Pie Company,,Raleigh,919-349-8499,,https://www.slicepiecompany.com,Sweets,Piedmont,Wake
268,Sonnyboy's Sauces,,Carrboro,919-649-1252,sales@sonnyboyssauces.com,,Condiments,Piedmont,Orange
269,Wildest Dreams Farm,Honeycutt Rd,Clinton,,,,Health & Beauty,Coastal Plains,Sampson
270,Vintage Paris Market,,Holly Springs,919-290-5345,,https://www.vitageparismarket.etsy.com,Home,Piedmont,Wake
271,Dixon's Dollops,,Raleigh,910-573-1119,info@dixonsdollops.com,https://www.dixonsdollops.com,Sweets,Piedmont,Wake
272,MB's Tasty Pastries,3900 Burlington Mills Rd,Wake Forest,919-600-9601,,,Sweets,Piedmont,Wake
273,Tracy's Gourmet,,Morrisville,919-672-1731,info@tracysgourmet.com,https://tracysgourmet.com,Condiments,Piedmont,Wake
274,Breck's Heavenly Blueberries,324 Egypt Church Rd,Louisburg,919-340-2215,,,Produce,Piedmont,Franklin
275,Fern Creek Farm,,Creedmoor,919-740-3539,,https://ferncreekfarmnc.com,Meat,Piedmont,Granville
276,Kalawi Farms,1515 NC Highway 211,Eagle Springs,910-67-5996,,https://www.kalawifarm.com,Produce,Piedmont,Moore
277,Little River Gardens,2333 Rolesville Rd,Wake Forest,919-268-9258,,,Produce,Piedmont,Wake
278,Shrooms 2 Grow,98 Hwy E,Louisburg,919-495-1869,nctncowgirl@aol.com,nctncowgirl.wixsite.com/shroom-2-grow,Produce,Piedmont,Franklin
279,Sweet Peas Urban Garden,1931 New Bern Ave,Raleigh,919-457-6012,info@sweetpeasurbangardens.com,https://www.sweetpeasurbangardens.com,Produce,Piedmont,Wake
280,Turtle Mist Farm,221 Suitt Rd,Franklinton,919-457-2942,,https://www.turtlemistfarm.com,Produce,Piedmont,Franklin
281,Walk Ahead Farms,,Louisburg,,walkaheadfarms@gmail.com,https://www.walkaheadfarms.weebly.com,Meat,Piedmont,Franklin
282,Laura's Family,,Raleigh,919-964-5343,laurasfamilyglutenfree@gmail.com,https://www.laurasfamilyglutenfree.com,Gluten-Free,Piedmont,Wake
283,Strong Arm Baking Co,,Oxford,828-400-4826,info@strongarmbaking.com,https://www.strongarmbaking.com,Bakery,Piedmont,Granville
284,That's Good Chocolate,PO Box 483,Rolesville,919-523-5237,thatsgoodchocolate@gmail.com,https://www.thatsgoodchocolate.com,Sweets,Piedmont,Wake
285,Redman Pottery,2622 S Smithfield Rd,Knightdale,919-266-0997,pottery101010@gmail.com,https://www.redmanpottery.com,Pottery,Piedmont,Wake
286,Serenity Meadows Farm,,Wake Forest,919-614-5286,susanolvera@gmail.com,,Condiments,Piedmont,Wake
287,Black & White Coffee,314 Brooks St,Wake Forest,984-235-0125,lem@blackwhiteroasters.com,https://www.blackwhiteroasters.com,Coffee,Piedmont,Wake
288,Barking Dog Farms,1811 Eller Dr,Burlington,336-675-0180,,,Produce,Piedmont,Alamance
289,Color Fields,169 Boon Square St #162,Hillsborough,,colorfieldsfarm@gmail.com,https://www.colorfieldsfarm.com,Flowers,Piedmont,Orange
290,Gertrude's Garden Gems,,Pittsboro,,,,Flowers,Piedmont,Chatham
291,Fickle Creek Farm,211 Fickle Creek Crossing,Efland,919-304-6287,ficklecreek@gmail.com,https://www.ficklecreekfarm.com,Meat,Piedmont,Orange
292,Fiddlehead Pottery,355 Miles Branch Rd,Pittsboro,919-523-8366,info@fiddleheadpottery.com,http://www.fiddleheadpottery.com/,Pottery,Piedmont,Chatham
293,Fox Farm & Forage,219 Vatersay Dr,Apex,919-363-8838,amy@foxfarmforage.com,http://www.foxfarmforage.com/,Produce,Piedmont,Wake
294,Hillsborough Cheese Company,3121 Rippy Ln,Hillsborough,919-414-6741,hillsboroughcheeseco@gmail.com,https://www.hillsboroughcheeseco.com,Dairy,Piedmont,Orange
295,In Good Heart Farm,456 Friendly Pooch Ln,Pittsboro,919-417-0705,ingoodheartfarm@gmail.com,https://ingoodheartfarm.com,Produce,Piedmont,Chatham
296,Locals Seafood,1209 Farmers Market Dr,Raleigh,919-675-2722,,https://localsseafood.com,Seafood,Piedmont,Raleigh
297,Brandy's Soy Candles,,Angier,919-244-8866,,http://brandyssoycandles.wixsite.com/brandyssoycandles,Home,Coastal Plains,Harnett
298,Redbud Farm,,Burlington,,,https://www.localharvest.org,Organic,Piedmont,Alamance
299,Muddy Dog Roasting Company,3000 Bear Cat Way,Morrisville,919-371-2818,,https://www.muddydogcoffee.com,Coffee,Piedmont,Wake
300,Smith's Nursery,443 Sanders Rd,Benson,919-934-1700,,https://www.smithsnurseryinc.com,Flowers,Coastal Plains,Johnston
301,ShellyMac,,Durham,,,,Condiments,Piedmont,Durham
302,Brew Jeans,800 S Ayersville Rd,Mayodan,844-247-3534,jason@brewjeans.com,http://brewjeans.com/,Home,Piedmont,Rockingham
303,Two Bridges Farm,17 Lloyds Way,Louisburg,252-436-2270,austin@twobridgesfarm.net,http://www.twobridgesfarm.net/home.html,Meat,Piedmont,Franklin
304,Serve with Verve,,Raleigh,919-414-9200,blucas1@nc.rr.com,https://www.servewithverve.weebly.com,Home,Piedmont,Wake
305,Asheville Fungi,16 Allen St,Asheville,855-553-8644,info@ashevillefungi.com,https://www.ashevillefungi.com,Produce,Mountains,Buncombe
306,Asheville Tea Company,,Asheville,,,http://www.ashevilleteacompany.com/,Other Beverages,Mountains,Buncombe
307,Barnhouse Kitchen,368 Lily Pad Ln,Flat Rock,828-280-2765,,,Sweets,Mountains,Henderson
308,Crystal Coast Brewing Company,702 Arendell St,Morehead City,252-773-0974,ccbrewingnc@gmail.com,http://www.crystalcoastbrewingcompany.com/,Beer,Tidewater,Carteret
309,Biltmore Coffee Roasters,518 Hendersonville Rd,Asheville,828-277-927,biltmorecoffee@gmail.com,https://www.biltmorecoffeeroasters.com/,Coffee,Mountains,Buncombe
310,Blue Ridge Mountain Creamery,327 Flat Creek Rd,Fairview,828-551-5739,victorchiarizia@bellsouth.net,http://www.caveagedcheeses.com/,Dairy,Mountains,Buncombe
311,Confections of a Cotton Pickin’ Queen,2 Covewood Dr,Arden,828-551-1983,cottonpickinconfections@gmail.com,https://coacpq.wordpress.com/,Sweets,Mountains,Buncombe
312,Crust Never Sleeps,,,828-280-6068,baker@crustneversleeps.com,http://www.crustneversleeps.com/,Bakery,Mountains,Buncombe
313,Eat More Bakery,PO Box 207,Asheville,828-713-5222,eatmorebakery@gmail.com,https://eatmorebakery.com/,Gluten-Free,Mountains,Buncombe
314,Farm & Sparrow,,Asheville,828-633-0584,info@farmandsparrow.com,http://www.farmandsparrow.com/,Bakery,Mountains,Buncombe
315,Goddess Ghee,,,,goddessghee@gmail.com,https://www.goddessghee.com/,Health & Beauty,Mountains,Buncombe
316,Good Cheer Chocolates,24a S Main St,Mars Hill,828-417-1550,,https://goodcheerchocolates.com/,Sweets,Mountains,Madison
317,Looking Glass Creamery,57 Noble Rd,Fairview,828-458-4715,andy@ashevillecheese.com,https://ashevillecheese.com/,Dairy,Mountains,Buncombe
318,Mountain Corn Cakes,,Asheville,786-469-1161,mountaincorncakes@gmail.com,http://mountaincorncakes.com/index.html,Bakery,Mountains,Buncombe
319,Pete's Extraordinary Granola,19 McGee HI,Fairview,,,https://petesextraordinarygranola.com/,Snacks,Mountains,Buncombe
320,Postre Caramels,202 Elk Park Dr,Asheville,828-575-9180,,https://postrecaramels.com/,Sweets,Mountains,Buncombe
321,Rebel Oven,,Asheville,,,http://rebeloven.com/,Gluten-Free,Mountains,Buncombe
322,Serotonin Ferments,200 Bartlett Rd,Weaverville,707-972-2391,serotoninferments@hotmail.com,,Snacks,Mountains,Buncombe
323,Shanti Elixirs,,Asheville,,info@shantielixirs.com,https://shantielixirs.com/,Other Beverages,Mountains,Buncombe
324,Simple Bread,,Woodfin,828-333-347,thesimplebread@gmail.com,http://www.thesimplebread.com,Bakery,Mountains,Buncombe
325,Sweetheart Bakery,25 Chester Pl,Asheville,828-768-5137,sweetheartbakery@gmail.com,,Bakery,Mountains,Buncombe
326,Barkriffic,,Waynesville,,barkriffic@gmail.com,https://www.barkriffic.com/,Pets,Mountains,Haywood
327,Bonny Bath,,Asheville,828-713-7695,,http://www.bonnybath.com/,Health & Beauty,Mountains,Buncombe
328,Hap Mountain Herbal,PO Box 783,Hot Springs,,,http://www.hapmountainherbal.com/,Health & Beauty,Mountains,Madison
329,Shecology,PO Box 2701,Weaverville,828-713-4031,clean@shecology.com,https://www.shecology.com,Home,Mountains,Buncombe
330,Jeff Young Pottery,5404 Hoover Elmore Rd,Vale,704-276-1572,info@jeffyoungpottery.com,,Pottery,Mountains,Avery
331,Highlander Handcrafited,PO Box 7184,Asheville,828-290-2099,highlanderhandcrafted@gmail.com,https://highlanderhandcrafted.com/,Novelty,Mountains,Buncombe
332,Wild Earth Textiles,,Asheville,828-230-3819,melanie@wildearthtextiles.com,https://wildearthtextiles.com/,Textiles,Mountains,Buncombe
333,Bella & Oliver Soap Co,,Asheville,803-230-8187,,https://bellaandoliversoap.com/,Health & Beauty,Mountains,Buncombe
334,Abby's Better Nut Butters,,Mooresville,407-965-6597,,https://abbysbetter.com/,Snacks,Piedmont,Iredell
335,Beverly's Gourmet Foods,,Charlotte,704-533-0073,,https://www.beverlysgourmetfoods.com/,Gluten-Free,Piedmont,Mecklenburg
336,brüks bars,,Charlotte,704-665-7569,,https://bruksbars.com/,Gluten-Free,Piedmont,Mecklenburg
337,Carolina Artisan Breads,,Midland,704-281-7284,,,Bakery,Piedmont,Cabarrus
338,Clean Juice,,Huntersville,980-781-5456,,http://www.cleanjuicebar.com,Other Beverages,Piedmont,Mecklenburg
339,Essential Soap Co,,Charlotte,704-737-2385,,https://www.etsy.com/shop/essentialsoapconc,Health & Beauty,Piedmont,Mecklenburg
340,Fading D Farm,295 Fading D Farm Rd,Salisbury,980-330-8189,fadingdfarm@gmail.com,http://www.fadingdfarm.com/,Dairy,Piedmont,Rowan
341,Mood Indigo Soaps!,PO Box 1584,Davidson,704-897-7820,,http://www.moodindigosoaps.com/,Health & Beauty,Piedmont,Davidson
342,Sahtein Lebanese Cuisine,19901 Holiday Ln,Cornelius,704-962-4601,,,Snacks,Piedmont,Mecklenburg
343,Your Moms Donuts,11025 Monroe Rd Ste F,Matthews,803-280-5720,order@yourmomsdonutsnc.com,https://www.yourmomsdonutsnc.com/,Sweets,Piedmont,Mecklenburg
344,Big Spoon Roasters,,Durham,919-309-9100,info@bigspoonroasters.com,http://www.bigspoonroasters.com/,Coffee,Piedmont,Durham
345,Celebrity Dairy,144 Celebrity Dairy Way,Siler City,919-742-5716,,http://celebritydairy.com/,Dairy,Piedmont,Chatham
346,The Chairman,,Cameron,,,http://chairmanbill.com/,Furniture,Piedmont,Moore
347,Chapel Hill Creamery,615 Chapel Hill Creamery Rd,Chapel Hill,919-967-3757,info@chapelhillcreamery.com,http://chapelhillcreamery.com/,Dairy,Piedmont,Orange
348,Chicken Bridge Bakery,2919 Chicken Bridge Rd,Pittsboro,,chickenbridgebakery28@gmail.com,https://chickenbridgebakery.weebly.com/,Bakery,Piedmont,Chatham
349,Crow Hill Rugs,2302 Falls Dr,Chapel Hill,919-382-8478,crowhillrugs@gmail.com,http://www.crowhillrugs.com/,Textiles,Piedmont,Orange
350,Eddie Smith Pottery,,Carrboro,919-942-2072,cybercrock@gmail.com,,Pottery,Piedmont,Orange
351,Farmer's Daughter,,Hillsborough,919-259-3946,april@farmersdaughterbrand.com,http://www.farmersdaughterbrand.com/,Condiments,Piedmont,Orange
352,Foster's Custom Steel,2010 Mill Creek Rd,Mebane,919-563-5949,fostercustomsteel@gmail.com,http://www.fosterscustomsteel.com/,Art,Piedmont,Alamance
353,Heartsong Baskets,,Hillsborough,,heartsongbaskets@hotmail.com,,Furniture,Piedmont,Orange
354,Just Bee Apiary,113 Wolf's Trail,Chapel Hill,919-260-6032,marty@justbeenc.com,http://www.justbeenc.com/,Condiments,Piedmont,Orange
355,Sari Sari Sweets,,Chapel Hill,919-923-6396,,,Sweets,Piedmont,Orange
356,1323 R&D,1323 Capital Blvd,Raleigh,919-977-5654,ncbrewery1323@gmail.com,https://www.1323rnd.com/,Beer,Piedmont,Wake
357,1718 Brewing Ocracoke,1129 Irvin Garrish Hwy,Ocracoke,252-928-2337,,,Beer,Tidewater,Hyde
358,217 Brew Works,217 South St S,Wilson,252-991-6959,info@217brewworks.com,https://217brewworks.com/,Beer,Coastal Plains,Wilson
359,3rd Degree Brewhouse,1625 N Main St,Fuquay-Varina,919-201-5457,,,Beer,Piedmont,Wake
360,3rd Rock Brewing,134 Industrial Park Dr,Trenton,252-631-9213,brew@3rockbrew.com,https://www.3rockbrew.com/,Beer,Tidewater,Jones
361,7 Clans Brewing,,Cherokee,828-246-3005,info@7clanbrewing.com,http://www.7clansbrewing.com/,Beer,Mountains,Jackson
362,Angry Troll Brewing,222 E Main St Ste U6,Elkin,336-258-2251,info@angrytrollbrewing.com,https://www.angrytrollbrewing.com/,Beer,Mountains,Surry
363,Appalachian Mountain Brewery,163 Boone Creek Dr,Boone,828-263-1111,,https://amb.beer/,Beer,Mountains,Watauga
364,Archetype Brewing,265 Haywood Rd,Asheville,828-505-4177,info@archetypebrewing.com,https://www.archetypebrewing.com/,Beer,Mountains,Buncombe
365,Pluto's,PO Box 802,Carrboro,919-929-7524,info@plutosinc.com,http://www.plutosinc.com/,Condiments,Piedmont,Orange
366,Roots Organic Gourmet,166 W Haywood St,Asheville,828-232-2828,connect@rootshummus.com,https://www.rootshummus.com/,Snacks,Mountains,Buncombe
367,Chapel Hill Toffee,,Chapel Hill,919-906-1726,info@chapelhilltoffee.com,https://www.chapelhilltoffee.com/,Sweets,Piedmont,Orange
368,The Gourmet Chip Company,43 1/2 Broadway St,Asheville,828-254-3335,,http://www.gourmetchipcompany.com/,Snacks,Mountains,Buncombe
369,Zapples,,Raleigh,919-342-8885,zapplechips@gmail.com,http://www.enjoyzapples.com/,Snacks,Piedmont,Wake
370,Hampton Heritage Co,1959 N Peace Haven Rd Ste 216,Winston-Salem,336-972-3022,choover@hamptonheritage.com,https://hamptonheritage.com/,Pets,Piedmont,Forsyth
371,Humbly Made,,Raleigh,919-827-8887,mitch@humblymade.com,https://humblymade.com/,Textiles,Piedmont,Wake
372,Scott's Barbecue Sauce Company,PO Drawer 1380,Goldsboro,919-734-0711,,https://www.scottsbarbecuesauce.com/,Condiments,Coastal Plains,Wayne
373,A & O Organics,,Manteo,,,http://www.aoorganics.com/,Health & Beauty,Tidewater,Dare
374,Anvil Metals Studio,,Raleigh,,anvilmetalsstudio@gmail.com,http://anvilmetalsstudio.com/,Art,Piedmont,Wake
375,Beard and Lady,,Creedmoor,877-621-7006,info@beardandlady.com,https://www.beardandlady.com/,Health & Beauty,Piedmont,Granville
376,Amapola Farm & Soap Shop,2911 49 Hwy N,Burlington,336-270-8062,,https://amapolafarm.com/,Health & Beauty,Piedmont,Alamance
377,Goat Lady Dairy,3531 Jess Hackett Rd,Climax,336-824-2163,info@goatladydairy.com,http://www.goatladydairy.com/,Dairy,Piedmont,Guilford
378,Barking Duck Brewing Company,4400 Morris Park Ste O,Mint Hill,980-498-17505,,http://www.barkingduckbrew.com/,Beer,Piedmont,Mecklenburg
379,Ass Clown Brewing Company,10620 Bailey Rd Ste E & F,Cornelius,980-505-0399,matt@assclownbeer.com,http://assclownbrewing.com/,Beer,Piedmont,Mecklenburg
380,Balsam Falls Brewing,506 W Main St,Sylva,828-631-1987,,,Beer,Mountains,Jackson
381,Aviator Brewing Company,209 Technology Park Ln,Fuquay-Varina,919-567-2337,,http://aviatorbrew.com/,Beer,Piedmont,Wake
382,Blue Ghost Brewing Company,125 Underwood Rd,Fletcher,828-376-0159,zach@blueghostbrewing.com,https://www.blueghostbrewing.com/,Beer,Mountains,Henderson
383,Black Creek Brewery,111 Depot St,Roxboro,,,,Beer,Piedmont,Person
384,Blue Blaze Brewing,528 S Turner Ave,Charlotte,980-859-2586,info@blueblazebrewing.com,http://www.blueblazebrewing.com/,Beer,Piedmont,Mecklenburg
385,Orianna Naturals,241 Great Sky Valley,Todd,336-877-1560,tina@oriannabath.com,https://oriannabath.com/,Health & Beauty,Mountains,Watauga
386,Sea Love Sea Salt Co,PO Box 1171,Wrightsville Beach,910-622-2236,sealovesalt@gmail.com,http://www.sealoveseasalt.com/,Condiments,Tidewater,New Hanover
387,Outer Banks SeaSalt,,Grandy,252-457-0200,salty@obxseasalt.com,https://www.obxseasalt.com/,Condiments,Tidewater,Currituck
388,Hatteras Saltworks,,Buxton,,seasalt@hatterassaltworks.com,https://hatterassaltworks.com/,Condiments,Tidewater,Dare
389,Pinetop Distillery,1053 E Whitaker Mill Rd,Raleigh,888-261-5287,spirits@pinetopdistillery.com,https://www.pinetopdistillery.com/,Spirits,Piedmont,Wake
390,Carden Farms Soaps,204 King Dr,Franklinton,919-570-0745,cardenfarmssoap@mindspring.com,http://www.cardenfarmsnc.com/,Health & Beauty,Piedmont,Franklin
391,Coinhole,,Lattimore,,jackson@coinhole.com,https://www.coinhole.com/,Novelty,Mountains,Cleveland
392,Crazy Coolers,6002 Triangle Dr,Raleigh,919-624-8229,crazycoolers@icloud.com,https://crazycoolers.com/,Novelty,Piedmont,Raleigh
393,Gone Jerky,164 Emily Ann Dr,Winston-Salem,336-906-9096,,http://gonejerky.com/,Snacks,Piedmont,Forsyth
394,Grahams Goods,,Garner,919-455-1757,,http://grahams-goods.com/,Home,Piedmont,Wake
395,Happy Scraps,9216 Burt Rd,Fuquay-Varina,919-812-7814,jchap1968@yahoo.com,http://happyscraps.net/,Art,Piedmont,Wake
396,Ivegotahammer,2016 Hall's Mill Rd,Efland,919-730-8466,ivegotahammer@hotmail.com,http://ivegotahammer.com/,Art,Piedmont,Wake
397,Larry's Coffee,1507 Gavin St,Raleigh,919-828-1234,,https://larryscoffee.com/,Coffee,Piedmont,Wake
398,The Noble Woodsman,5213 Western Blvd,Raleigh,910-617-7709,contact@noblewoodsman.com,http://noblewoodsman.com/,Health & Beauty,Piedmont,Wake
399,O.A.C. City Watches,,,919-740-4512,,https://www.oaccitywatches.com/,Home,Piedmont,Wake
400,R.H. Jensen Game Calls,913 Greenhowe Dr,Wilmington,910-231-6865,,https://rhjensengamecalls.com/,Novelty,Tidewater,New Hanover
401,Rising Smoke Sauceworks,PO Box 345,Efland,919-590-0472,,https://risingsmokesauce.com/,Condiments,Piedmont,Orange
402,Tonya's Cookies,405 W Rosemary St,Chapel Hill,984-234-0445,tonyascookies@gmail.com,http://www.tonyascookies.com/,Sweets,Piedmont,Orange
403,Wise Beards & Grooming,,Mocksville,336-754-9584,wisebeards@yahoo.com,https://www.wisebeardsandgrooming.com/,Health & Beauty,Piedmont,Davie
404,Southern Supreme ,1699 Hoyt Scott Rd,Bear Creek,877-815-0922,sosupreme@rtmc.net,http://www.southernsupreme.com/,Sweets,Piedmont,Chatham
405,Simplicity Sofa,414 Grayson St,High Point,800-813-2889,sales@simplicitysofas.com,https://www.simplicitysofas.com,Furniture,Piedmont,Guilford
406,Carolina Kettle,5205 Hillsborough St Ste 101,Raleigh,855-916-7622,info@1in6snacks.com,https://www.carolinakettle.com/,Snacks,Piedmont,Wake
